CARD COMPANY NAME ANONYMISED,,,,
,,,,
Receivable Invoice Detail,,,,
,,,,
Date: January to July 2026,,,,
,,,,
Invoice Date,Item Code,Description,Quantity,Shop
4-Jan-26,REMOVED FOR ANONYMITY,REMOVED FOR ANONYMITY,12,A
4-Jan-26,REMOVED FOR ANONYMITY,REMOVED FOR ANONYMITY,12,A
4-Jan-26,REMOVED FOR ANONYMITY,REMOVED FOR ANONYMITY,12,A
4-Jan-26,REMOVED FOR ANONYMITY,REMOVED FOR ANONYMITY,12,A
4-Jan-26,REMOVED FOR ANONYMITY,REMOVED FOR ANONYMITY,12,A
4-Jan-26,REMOVED FOR ANONYMITY,REMOVED FOR ANONYMITY,12,A
4-Jan-26,REMOVED FOR ANONYMITY,REMOVED FOR ANONYMITY,12,A
4-Jan-26,REMOVED FOR ANONYMITY,REMOVED FOR ANONYMITY,12,A
4-Jan-26,REMOVED FOR ANONYMITY,REMOVED FOR ANONYMITY,18,A
4-Jan-26,REMOVED FOR ANONYMITY,REMOVED FOR ANONYMITY,6,A
4-Jan-26,REMOVED FOR ANONYMITY,REMOVED FOR ANONYMITY,12,A
4-Jan-26,REMOVED FOR ANONYMITY,REMOVED FOR ANONYMITY,12,A
,,,,
,,,,
23-Jul-26,REMOVED FOR ANONYMITY,REMOVED FOR ANONYMITY,12,B
23-Jul-26,REMOVED FOR ANONYMITY,REMOVED FOR ANONYMITY,6,B
23-Jul-26,REMOVED FOR ANONYMITY,REMOVED FOR ANONYMITY,6,B
23-Jul-26,REMOVED FOR ANONYMITY,REMOVED FOR ANONYMITY,6,B
23-Jul-26,REMOVED FOR ANONYMITY,REMOVED FOR ANONYMITY,6,B
23-Jul-26,REMOVED FOR ANONYMITY,REMOVED FOR ANONYMITY,6,B
23-Jul-26,REMOVED FOR ANONYMITY,REMOVED FOR ANONYMITY,6,B
23-Jul-26,REMOVED FOR ANONYMITY,REMOVED FOR ANONYMITY,6,B
23-Jul-26,REMOVED FOR ANONYMITY,REMOVED FOR ANONYMITY,6,B
23-Jul-26,REMOVED FOR ANONYMITY,REMOVED FOR ANONYMITY,6,B
,,,,
,,,,
3-Jan-26,REMOVED FOR ANONYMITY,REMOVED FOR ANONYMITY,8,C
3-Jan-26,REMOVED FOR ANONYMITY,REMOVED FOR ANONYMITY,8,C
3-Jan-26,REMOVED FOR ANONYMITY,REMOVED FOR ANONYMITY,8,C
3-Jan-26,REMOVED FOR ANONYMITY,REMOVED FOR ANONYMITY,8,C
3-Jan-26,REMOVED FOR ANONYMITY,REMOVED FOR ANONYMITY,8,C
3-Jan-26,REMOVED FOR ANONYMITY,REMOVED FOR ANONYMITY,8,C
3-Jan-26,REMOVED FOR ANONYMITY,REMOVED FOR ANONYMITY,8,C
3-Jan-26,REMOVED FOR ANONYMITY,REMOVED FOR ANONYMITY,8,C
3-Jan-26,REMOVED FOR ANONYMITY,REMOVED FOR ANONYMITY,8,C
3-Jan-26,REMOVED FOR ANONYMITY,REMOVED FOR ANONYMITY,8,C
3-Jan-26,REMOVED FOR ANONYMITY,REMOVED FOR ANONYMITY,8,C
3-Jan-26,REMOVED FOR ANONYMITY,REMOVED FOR ANONYMITY,8,C
,,,,
,,,,
3-Jan-26,REMOVED FOR ANONYMITY,REMOVED FOR ANONYMITY,20,D
3-Jan-26,REMOVED FOR ANONYMITY,REMOVED FOR ANONYMITY,20,D
3-Jan-26,REMOVED FOR ANONYMITY,REMOVED FOR ANONYMITY,20,D
3-Jan-26,REMOVED FOR ANONYMITY,REMOVED FOR ANONYMITY,20,D
3-Jan-26,REMOVED FOR ANONYMITY,REMOVED FOR ANONYMITY,20,D
3-Jan-26,REMOVED FOR ANONYMITY,REMOVED FOR ANONYMITY,20,D
,,,,
,,,,
10-Jan-26,REMOVED FOR ANONYMITY,REMOVED FOR ANONYMITY,8,E
10-Jan-26,REMOVED FOR ANONYMITY,REMOVED FOR ANONYMITY,8,E
10-Jan-26,REMOVED FOR ANONYMITY,REMOVED FOR ANONYMITY,8,E
10-Jan-26,REMOVED FOR ANONYMITY,REMOVED FOR ANONYMITY,8,E
10-Jan-26,REMOVED FOR ANONYMITY,REMOVED FOR ANONYMITY,8,E
10-Jan-26,REMOVED FOR ANONYMITY,REMOVED FOR ANONYMITY,8,E
10-Jan-26,REMOVED FOR ANONYMITY,REMOVED FOR ANONYMITY,8,E
,,,,
,,,,
10-Jan-26,REMOVED FOR ANONYMITY,REMOVED FOR ANONYMITY,5,E
10-Jan-26,REMOVED FOR ANONYMITY,REMOVED FOR ANONYMITY,5,E
10-Jan-26,REMOVED FOR ANONYMITY,REMOVED FOR ANONYMITY,8,E
,,,,
,,,,
23-Apr-26,REMOVED FOR ANONYMITY,REMOVED FOR ANONYMITY,3,A
23-Apr-26,REMOVED FOR ANONYMITY,REMOVED FOR ANONYMITY,6,A
23-Apr-26,REMOVED FOR ANONYMITY,REMOVED FOR ANONYMITY,6,A
23-Apr-26,REMOVED FOR ANONYMITY,REMOVED FOR ANONYMITY,6,A
23-Apr-26,REMOVED FOR ANONYMITY,REMOVED FOR ANONYMITY,6,A
23-Apr-26,REMOVED FOR ANONYMITY,REMOVED FOR ANONYMITY,6,A
23-Apr-26,REMOVED FOR ANONYMITY,REMOVED FOR ANONYMITY,6,A
,,,,
,,,,
23-Apr-26,REMOVED FOR ANONYMITY,REMOVED FOR ANONYMITY,6,E
23-Apr-26,REMOVED FOR ANONYMITY,REMOVED FOR ANONYMITY,5,E
23-Apr-26,REMOVED FOR ANONYMITY,REMOVED FOR ANONYMITY,6,E
23-Apr-26,REMOVED FOR ANONYMITY,REMOVED FOR ANONYMITY,6,E
23-Apr-26,REMOVED FOR ANONYMITY,REMOVED FOR ANONYMITY,6,E
23-Apr-26,REMOVED FOR ANONYMITY,REMOVED FOR ANONYMITY,6,E
23-Apr-26,REMOVED FOR ANONYMITY,REMOVED FOR ANONYMITY,6,E
,,,,
,,,,
23-Apr-26,REMOVED FOR ANONYMITY,REMOVED FOR ANONYMITY,6,A
23-Apr-26,REMOVED FOR ANONYMITY,REMOVED FOR ANONYMITY,6,A
23-Apr-26,REMOVED FOR ANONYMITY,REMOVED FOR ANONYMITY,6,A
23-Apr-26,REMOVED FOR ANONYMITY,REMOVED FOR ANONYMITY,6,A
23-Apr-26,REMOVED FOR ANONYMITY,REMOVED FOR ANONYMITY,6,A
23-Apr-26,REMOVED FOR ANONYMITY,REMOVED FOR ANONYMITY,6,A
23-Apr-26,REMOVED FOR ANONYMITY,REMOVED FOR ANONYMITY,6,A
,,,,
,,,,
23-Apr-26,REMOVED FOR ANONYMITY,REMOVED FOR ANONYMITY,6,C
23-Apr-26,REMOVED FOR ANONYMITY,REMOVED FOR ANONYMITY,6,C
23-Apr-26,REMOVED FOR ANONYMITY,REMOVED FOR ANONYMITY,6,C
23-Apr-26,REMOVED FOR ANONYMITY,REMOVED FOR ANONYMITY,6,C
23-Apr-26,REMOVED FOR ANONYMITY,REMOVED FOR ANONYMITY,6,C
23-Apr-26,REMOVED FOR ANONYMITY,REMOVED FOR ANONYMITY,6,C
23-Apr-26,REMOVED FOR ANONYMITY,REMOVED FOR ANONYMITY,6,C
23-Apr-26,REMOVED FOR ANONYMITY,REMOVED FOR ANONYMITY,6,C
23-Apr-26,REMOVED FOR ANONYMITY,REMOVED FOR ANONYMITY,6,C
,,,,
,,,,
23-Apr-26,REMOVED FOR ANONYMITY,REMOVED FOR ANONYMITY,6,C
23-Apr-26,REMOVED FOR ANONYMITY,REMOVED FOR ANONYMITY,6,C
23-Apr-26,REMOVED FOR ANONYMITY,REMOVED FOR ANONYMITY,6,C
23-Apr-26,REMOVED FOR ANONYMITY,REMOVED FOR ANONYMITY,6,C
23-Apr-26,REMOVED FOR ANONYMITY,REMOVED FOR ANONYMITY,6,C
23-Apr-26,REMOVED FOR ANONYMITY,REMOVED FOR ANONYMITY,6,C
23-Apr-26,REMOVED FOR ANONYMITY,REMOVED FOR ANONYMITY,6,C
,,,,
,,,,
23-Apr-26,REMOVED FOR ANONYMITY,REMOVED FOR ANONYMITY,5,D
23-Apr-26,REMOVED FOR ANONYMITY,REMOVED FOR ANONYMITY,5,D
23-Apr-26,REMOVED FOR ANONYMITY,REMOVED FOR ANONYMITY,5,D
23-Apr-26,REMOVED FOR ANONYMITY,REMOVED FOR ANONYMITY,5,D
,,,,
,,,,
23-Apr-26,REMOVED FOR ANONYMITY,REMOVED FOR ANONYMITY,10,D
23-Apr-26,REMOVED FOR ANONYMITY,REMOVED FOR ANONYMITY,10,D
23-Apr-26,REMOVED FOR ANONYMITY,REMOVED FOR ANONYMITY,10,D
23-Apr-26,REMOVED FOR ANONYMITY,REMOVED FOR ANONYMITY,10,D
23-Apr-26,REMOVED FOR ANONYMITY,REMOVED FOR ANONYMITY,10,D
23-Apr-26,REMOVED FOR ANONYMITY,REMOVED FOR ANONYMITY,10,D
,,,,
,,,,
23-Apr-26,REMOVED FOR ANONYMITY,REMOVED FOR ANONYMITY,4,A
23-Apr-26,REMOVED FOR ANONYMITY,REMOVED FOR ANONYMITY,5,A
23-Apr-26,REMOVED FOR ANONYMITY,REMOVED FOR ANONYMITY,4,A
23-Apr-26,REMOVED FOR ANONYMITY,REMOVED FOR ANONYMITY,5,A
23-Apr-26,REMOVED FOR ANONYMITY,REMOVED FOR ANONYMITY,5,A
23-Apr-26,REMOVED FOR ANONYMITY,REMOVED FOR ANONYMITY,5,A
23-Apr-26,REMOVED FOR ANONYMITY,REMOVED FOR ANONYMITY,5,A
,,,,
,,,,
23-Apr-26,REMOVED FOR ANONYMITY,REMOVED FOR ANONYMITY,12,B
23-Apr-26,REMOVED FOR ANONYMITY,REMOVED FOR ANONYMITY,12,B
23-Apr-26,REMOVED FOR ANONYMITY,REMOVED FOR ANONYMITY,12,B
23-Apr-26,REMOVED FOR ANONYMITY,REMOVED FOR ANONYMITY,12,B
23-Apr-26,REMOVED FOR ANONYMITY,REMOVED FOR ANONYMITY,6,B
23-Apr-26,REMOVED FOR ANONYMITY,REMOVED FOR ANONYMITY,12,B
23-Apr-26,REMOVED FOR ANONYMITY,REMOVED FOR ANONYMITY,12,B
23-Apr-26,REMOVED FOR ANONYMITY,REMOVED FOR ANONYMITY,6,B
23-Apr-26,REMOVED FOR ANONYMITY,REMOVED FOR ANONYMITY,12,B
23-Apr-26,REMOVED FOR ANONYMITY,REMOVED FOR ANONYMITY,12,B
23-Apr-26,REMOVED FOR ANONYMITY,REMOVED FOR ANONYMITY,12,B
23-Apr-26,REMOVED FOR ANONYMITY,REMOVED FOR ANONYMITY,6,B
23-Apr-26,REMOVED FOR ANONYMITY,REMOVED FOR ANONYMITY,12,B
23-Apr-26,REMOVED FOR ANONYMITY,REMOVED FOR ANONYMITY,18,B
23-Apr-26,REMOVED FOR ANONYMITY,REMOVED FOR ANONYMITY,12,B
23-Apr-26,REMOVED FOR ANONYMITY,REMOVED FOR ANONYMITY,12,B
,,,,
,,,,
23-Apr-26,REMOVED FOR ANONYMITY,REMOVED FOR ANONYMITY,6,A
23-Apr-26,REMOVED FOR ANONYMITY,REMOVED FOR ANONYMITY,6,A
23-Apr-26,REMOVED FOR ANONYMITY,REMOVED FOR ANONYMITY,6,A
23-Apr-26,REMOVED FOR ANONYMITY,REMOVED FOR ANONYMITY,6,A
23-Apr-26,REMOVED FOR ANONYMITY,REMOVED FOR ANONYMITY,6,A
23-Apr-26,REMOVED FOR ANONYMITY,REMOVED FOR ANONYMITY,6,A
23-Apr-26,REMOVED FOR ANONYMITY,REMOVED FOR ANONYMITY,6,A
23-Apr-26,REMOVED FOR ANONYMITY,REMOVED FOR ANONYMITY,6,A
23-Apr-26,REMOVED FOR ANONYMITY,REMOVED FOR ANONYMITY,6,A
23-Apr-26,REMOVED FOR ANONYMITY,REMOVED FOR ANONYMITY,6,A
23-Apr-26,REMOVED FOR ANONYMITY,REMOVED FOR ANONYMITY,6,A
23-Apr-26,REMOVED FOR ANONYMITY,REMOVED FOR ANONYMITY,6,A
23-Apr-26,REMOVED FOR ANONYMITY,REMOVED FOR ANONYMITY,6,A
23-Apr-26,REMOVED FOR ANONYMITY,REMOVED FOR ANONYMITY,6,A
23-Apr-26,REMOVED FOR ANONYMITY,REMOVED FOR ANONYMITY,6,A
,,,,
,,,,
23-Apr-26,REMOVED FOR ANONYMITY,REMOVED FOR ANONYMITY,6,C
23-Apr-26,REMOVED FOR ANONYMITY,REMOVED FOR ANONYMITY,6,C
23-Apr-26,REMOVED FOR ANONYMITY,REMOVED FOR ANONYMITY,6,C
23-Apr-26,REMOVED FOR ANONYMITY,REMOVED FOR ANONYMITY,6,C
23-Apr-26,REMOVED FOR ANONYMITY,REMOVED FOR ANONYMITY,6,C
,,,,
,,,,
23-Apr-26,REMOVED FOR ANONYMITY,REMOVED FOR ANONYMITY,6,A
23-Apr-26,REMOVED FOR ANONYMITY,REMOVED FOR ANONYMITY,6,A
23-Apr-26,REMOVED FOR ANONYMITY,REMOVED FOR ANONYMITY,6,A
23-Apr-26,REMOVED FOR ANONYMITY,REMOVED FOR ANONYMITY,6,A
23-Apr-26,REMOVED FOR ANONYMITY,REMOVED FOR ANONYMITY,6,A
23-Apr-26,REMOVED FOR ANONYMITY,REMOVED FOR ANONYMITY,6,A
,,,,
,,,,
23-Apr-26,REMOVED FOR ANONYMITY,REMOVED FOR ANONYMITY,6,C
23-Apr-26,REMOVED FOR ANONYMITY,REMOVED FOR ANONYMITY,6,C
23-Apr-26,REMOVED FOR ANONYMITY,REMOVED FOR ANONYMITY,6,C
23-Apr-26,REMOVED FOR ANONYMITY,REMOVED FOR ANONYMITY,6,C
23-Apr-26,REMOVED FOR ANONYMITY,REMOVED FOR ANONYMITY,6,C
,,,,
,,,,
9-May-26,REMOVED FOR ANONYMITY,REMOVED FOR ANONYMITY,8,A
9-May-26,REMOVED FOR ANONYMITY,REMOVED FOR ANONYMITY,8,A
9-May-26,REMOVED FOR ANONYMITY,REMOVED FOR ANONYMITY,8,A
9-May-26,REMOVED FOR ANONYMITY,REMOVED FOR ANONYMITY,8,A
9-May-26,REMOVED FOR ANONYMITY,REMOVED FOR ANONYMITY,7,A
9-May-26,REMOVED FOR ANONYMITY,REMOVED FOR ANONYMITY,8,A
9-May-26,REMOVED FOR ANONYMITY,REMOVED FOR ANONYMITY,8,A
,,,,
,,,,
9-May-26,REMOVED FOR ANONYMITY,REMOVED FOR ANONYMITY,6,C
9-May-26,REMOVED FOR ANONYMITY,REMOVED FOR ANONYMITY,6,C
9-May-26,REMOVED FOR ANONYMITY,REMOVED FOR ANONYMITY,6,C
,,,,
,,,,
9-May-26,REMOVED FOR ANONYMITY,REMOVED FOR ANONYMITY,8,A
9-May-26,REMOVED FOR ANONYMITY,REMOVED FOR ANONYMITY,8,A
9-May-26,REMOVED FOR ANONYMITY,REMOVED FOR ANONYMITY,8,A
9-May-26,REMOVED FOR ANONYMITY,REMOVED FOR ANONYMITY,8,A
9-May-26,REMOVED FOR ANONYMITY,REMOVED FOR ANONYMITY,8,A
9-May-26,REMOVED FOR ANONYMITY,REMOVED FOR ANONYMITY,8,A
9-May-26,REMOVED FOR ANONYMITY,REMOVED FOR ANONYMITY,8,A
9-May-26,REMOVED FOR ANONYMITY,REMOVED FOR ANONYMITY,8,A
,,,,
,,,,
9-May-26,REMOVED FOR ANONYMITY,REMOVED FOR ANONYMITY,6,F
9-May-26,REMOVED FOR ANONYMITY,REMOVED FOR ANONYMITY,6,F
9-May-26,REMOVED FOR ANONYMITY,REMOVED FOR ANONYMITY,6,F
9-May-26,REMOVED FOR ANONYMITY,REMOVED FOR ANONYMITY,6,F
9-May-26,REMOVED FOR ANONYMITY,REMOVED FOR ANONYMITY,6,F
9-May-26,REMOVED FOR ANONYMITY,REMOVED FOR ANONYMITY,6,F
9-May-26,REMOVED FOR ANONYMITY,REMOVED FOR ANONYMITY,6,F
9-May-26,REMOVED FOR ANONYMITY,REMOVED FOR ANONYMITY,6,F
9-May-26,REMOVED FOR ANONYMITY,REMOVED FOR ANONYMITY,6,F
9-May-26,REMOVED FOR ANONYMITY,REMOVED FOR ANONYMITY,6,F
9-May-26,REMOVED FOR ANONYMITY,REMOVED FOR ANONYMITY,6,F
9-May-26,REMOVED FOR ANONYMITY,REMOVED FOR ANONYMITY,6,F
9-May-26,REMOVED FOR ANONYMITY,REMOVED FOR ANONYMITY,6,F
9-May-26,REMOVED FOR ANONYMITY,REMOVED FOR ANONYMITY,6,F
9-May-26,REMOVED FOR ANONYMITY,REMOVED FOR ANONYMITY,6,F
9-May-26,REMOVED FOR ANONYMITY,REMOVED FOR ANONYMITY,6,F
9-May-26,REMOVED FOR ANONYMITY,REMOVED FOR ANONYMITY,6,F
9-May-26,REMOVED FOR ANONYMITY,REMOVED FOR ANONYMITY,6,F
9-May-26,REMOVED FOR ANONYMITY,REMOVED FOR ANONYMITY,6,F
9-May-26,REMOVED FOR ANONYMITY,REMOVED FOR ANONYMITY,6,F
9-May-26,REMOVED FOR ANONYMITY,REMOVED FOR ANONYMITY,6,F
9-May-26,REMOVED FOR ANONYMITY,REMOVED FOR ANONYMITY,6,F
9-May-26,REMOVED FOR ANONYMITY,REMOVED FOR ANONYMITY,6,F
9-May-26,REMOVED FOR ANONYMITY,REMOVED FOR ANONYMITY,6,F
9-May-26,REMOVED FOR ANONYMITY,REMOVED FOR ANONYMITY,6,F
,,,,
,,,,
10-May-26,REMOVED FOR ANONYMITY,REMOVED FOR ANONYMITY,6,C
10-May-26,REMOVED FOR ANONYMITY,REMOVED FOR ANONYMITY,6,C
,,,,
,,,,
26-Jun-26,REMOVED FOR ANONYMITY,REMOVED FOR ANONYMITY,12,A
26-Jun-26,REMOVED FOR ANONYMITY,REMOVED FOR ANONYMITY,12,A
26-Jun-26,REMOVED FOR ANONYMITY,REMOVED FOR ANONYMITY,12,A
26-Jun-26,REMOVED FOR ANONYMITY,REMOVED FOR ANONYMITY,12,A
26-Jun-26,REMOVED FOR ANONYMITY,REMOVED FOR ANONYMITY,12,A
26-Jun-26,REMOVED FOR ANONYMITY,REMOVED FOR ANONYMITY,12,A
26-Jun-26,REMOVED FOR ANONYMITY,REMOVED FOR ANONYMITY,6,A
,,,,
,,,,
10-May-26,REMOVED FOR ANONYMITY,REMOVED FOR ANONYMITY,2,C
10-May-26,REMOVED FOR ANONYMITY,REMOVED FOR ANONYMITY,6,C
10-May-26,REMOVED FOR ANONYMITY,REMOVED FOR ANONYMITY,18,C
10-May-26,REMOVED FOR ANONYMITY,REMOVED FOR ANONYMITY,6,C
10-May-26,REMOVED FOR ANONYMITY,REMOVED FOR ANONYMITY,6,C
10-May-26,REMOVED FOR ANONYMITY,REMOVED FOR ANONYMITY,6,C
10-May-26,REMOVED FOR ANONYMITY,REMOVED FOR ANONYMITY,6,C
10-May-26,REMOVED FOR ANONYMITY,REMOVED FOR ANONYMITY,6,C
10-May-26,REMOVED FOR ANONYMITY,REMOVED FOR ANONYMITY,6,C
,,,,
,,,,
26-Jun-26,REMOVED FOR ANONYMITY,REMOVED FOR ANONYMITY,6,C
26-Jun-26,REMOVED FOR ANONYMITY,REMOVED FOR ANONYMITY,6,C
,,,,
,,,,
26-Jun-26,REMOVED FOR ANONYMITY,REMOVED FOR ANONYMITY,8,C
26-Jun-26,REMOVED FOR ANONYMITY,REMOVED FOR ANONYMITY,8,C
,,,,
,,,,
26-Jun-26,REMOVED FOR ANONYMITY,REMOVED FOR ANONYMITY,10,D
26-Jun-26,REMOVED FOR ANONYMITY,REMOVED FOR ANONYMITY,10,D
26-Jun-26,REMOVED FOR ANONYMITY,REMOVED FOR ANONYMITY,10,D
,,,,
,,,,
26-Jun-26,REMOVED FOR ANONYMITY,REMOVED FOR ANONYMITY,6,C
26-Jun-26,REMOVED FOR ANONYMITY,REMOVED FOR ANONYMITY,6,C
26-Jun-26,REMOVED FOR ANONYMITY,REMOVED FOR ANONYMITY,6,C
26-Jun-26,REMOVED FOR ANONYMITY,REMOVED FOR ANONYMITY,6,C
,,,,
,,,,
26-Jun-26,REMOVED FOR ANONYMITY,REMOVED FOR ANONYMITY,4,E
26-Jun-26,REMOVED FOR ANONYMITY,REMOVED FOR ANONYMITY,6,E
26-Jun-26,REMOVED FOR ANONYMITY,REMOVED FOR ANONYMITY,4,E
26-Jun-26,REMOVED FOR ANONYMITY,REMOVED FOR ANONYMITY,6,E
26-Jun-26,REMOVED FOR ANONYMITY,REMOVED FOR ANONYMITY,6,E
26-Jun-26,REMOVED FOR ANONYMITY,REMOVED FOR ANONYMITY,6,E
26-Jun-26,REMOVED FOR ANONYMITY,REMOVED FOR ANONYMITY,6,E
26-Jun-26,REMOVED FOR ANONYMITY,REMOVED FOR ANONYMITY,6,E
26-Jun-26,REMOVED FOR ANONYMITY,REMOVED FOR ANONYMITY,4,E
,,,,
,,,,
23-Jul-26,REMOVED FOR ANONYMITY,REMOVED FOR ANONYMITY,12,B
23-Jul-26,REMOVED FOR ANONYMITY,REMOVED FOR ANONYMITY,6,B
23-Jul-26,REMOVED FOR ANONYMITY,REMOVED FOR ANONYMITY,18,B
23-Jul-26,REMOVED FOR ANONYMITY,REMOVED FOR ANONYMITY,6,B
23-Jul-26,REMOVED FOR ANONYMITY,REMOVED FOR ANONYMITY,6,B
23-Jul-26,REMOVED FOR ANONYMITY,REMOVED FOR ANONYMITY,6,B
23-Jul-26,REMOVED FOR ANONYMITY,REMOVED FOR ANONYMITY,12,B
23-Jul-26,REMOVED FOR ANONYMITY,REMOVED FOR ANONYMITY,11,B
23-Jul-26,REMOVED FOR ANONYMITY,REMOVED FOR ANONYMITY,6,B
23-Jul-26,REMOVED FOR ANONYMITY,REMOVED FOR ANONYMITY,6,B
23-Jul-26,REMOVED FOR ANONYMITY,REMOVED FOR ANONYMITY,3,B
23-Jul-26,REMOVED FOR ANONYMITY,REMOVED FOR ANONYMITY,6,B
23-Jul-26,REMOVED FOR ANONYMITY,REMOVED FOR ANONYMITY,6,B
23-Jul-26,REMOVED FOR ANONYMITY,REMOVED FOR ANONYMITY,6,B
23-Jul-26,REMOVED FOR ANONYMITY,REMOVED FOR ANONYMITY,6,B
23-Jul-26,REMOVED FOR ANONYMITY,REMOVED FOR ANONYMITY,6,B
23-Jul-26,REMOVED FOR ANONYMITY,REMOVED FOR ANONYMITY,6,B
23-Jul-26,REMOVED FOR ANONYMITY,REMOVED FOR ANONYMITY,5,B
23-Jul-26,REMOVED FOR ANONYMITY,REMOVED FOR ANONYMITY,6,B
23-Jul-26,REMOVED FOR ANONYMITY,REMOVED FOR ANONYMITY,12,B
23-Jul-26,REMOVED FOR ANONYMITY,REMOVED FOR ANONYMITY,6,B
23-Jul-26,REMOVED FOR ANONYMITY,REMOVED FOR ANONYMITY,12,B
23-Jul-26,REMOVED FOR ANONYMITY,REMOVED FOR ANONYMITY,12,B
23-Jul-26,REMOVED FOR ANONYMITY,REMOVED FOR ANONYMITY,12,B
23-Jul-26,REMOVED FOR ANONYMITY,REMOVED FOR ANONYMITY,18,B
23-Jul-26,REMOVED FOR ANONYMITY,REMOVED FOR ANONYMITY,12,B
23-Jul-26,REMOVED FOR ANONYMITY,REMOVED FOR ANONYMITY,18,B
23-Jul-26,REMOVED FOR ANONYMITY,REMOVED FOR ANONYMITY,3,B
23-Jul-26,REMOVED FOR ANONYMITY,REMOVED FOR ANONYMITY,6,B
,,,,
,,,,
23-Jul-26,REMOVED FOR ANONYMITY,REMOVED FOR ANONYMITY,20,D
23-Jul-26,REMOVED FOR ANONYMITY,REMOVED FOR ANONYMITY,20,D
23-Jul-26,REMOVED FOR ANONYMITY,REMOVED FOR ANONYMITY,20,D
,,,,
,,,,
23-Jul-26,REMOVED FOR ANONYMITY,REMOVED FOR ANONYMITY,6,D
Total SO6392A FW Everyday 8/6/2026,REMOVED FOR ANONYMITY,REMOVED FOR ANONYMITY,,
SO6394 CWB Everyday 10/6/2026,REMOVED FOR ANONYMITY,REMOVED FOR ANONYMITY,,
23-Jul-26,REMOVED FOR ANONYMITY,REMOVED FOR ANONYMITY,12,B
Total SO6394 CWB Everyday 10/6/2026,REMOVED FOR ANONYMITY,REMOVED FOR ANONYMITY,,
SO6395 PB Everyday 16/6/2026,REMOVED FOR ANONYMITY,REMOVED FOR ANONYMITY,,
23-Jul-26,REMOVED FOR ANONYMITY,REMOVED FOR ANONYMITY,6,C
23-Jul-26,REMOVED FOR ANONYMITY,REMOVED FOR ANONYMITY,6,C
23-Jul-26,REMOVED FOR ANONYMITY,REMOVED FOR ANONYMITY,6,C
23-Jul-26,REMOVED FOR ANONYMITY,REMOVED FOR ANONYMITY,6,C
REMOVED FOR ANONYMITY,,,,
REMOVED FOR ANONYMITY,,,,
23-Jul-26,REMOVED FOR ANONYMITY,REMOVED FOR ANONYMITY,6,A
23-Jul-26,REMOVED FOR ANONYMITY,REMOVED FOR ANONYMITY,6,A
23-Jul-26,REMOVED FOR ANONYMITY,REMOVED FOR ANONYMITY,6,A
Total SO6396 IFC Everyday 23/6/26,REMOVED FOR ANONYMITY,REMOVED FOR ANONYMITY,,
SO6397 CWB Everyday 24/6/2026,REMOVED FOR ANONYMITY,REMOVED FOR ANONYMITY,,
23-Jul-26,REMOVED FOR ANONYMITY,REMOVED FOR ANONYMITY,6,B
23-Jul-26,REMOVED FOR ANONYMITY,REMOVED FOR ANONYMITY,12,B
23-Jul-26,REMOVED FOR ANONYMITY,REMOVED FOR ANONYMITY,12,B
23-Jul-26,REMOVED FOR ANONYMITY,REMOVED FOR ANONYMITY,12,B
23-Jul-26,REMOVED FOR ANONYMITY,REMOVED FOR ANONYMITY,12,B
23-Jul-26,REMOVED FOR ANONYMITY,REMOVED FOR ANONYMITY,6,B
23-Jul-26,REMOVED FOR ANONYMITY,REMOVED FOR ANONYMITY,6,B
23-Jul-26,REMOVED FOR ANONYMITY,REMOVED FOR ANONYMITY,3,B
23-Jul-26,REMOVED FOR ANONYMITY,REMOVED FOR ANONYMITY,12,B
23-Jul-26,REMOVED FOR ANONYMITY,REMOVED FOR ANONYMITY,12,B
23-Jul-26,REMOVED FOR ANONYMITY,REMOVED FOR ANONYMITY,12,B
23-Jul-26,REMOVED FOR ANONYMITY,REMOVED FOR ANONYMITY,12,B
23-Jul-26,REMOVED FOR ANONYMITY,REMOVED FOR ANONYMITY,12,B
23-Jul-26,REMOVED FOR ANONYMITY,REMOVED FOR ANONYMITY,12,B
23-Jul-26,REMOVED FOR ANONYMITY,REMOVED FOR ANONYMITY,12,B
23-Jul-26,REMOVED FOR ANONYMITY,REMOVED FOR ANONYMITY,12,B
REMOVED FOR ANONYMITY,,,,
REMOVED FOR ANONYMITY,,,,
23-Jul-26,REMOVED FOR ANONYMITY,REMOVED FOR ANONYMITY,12,A
23-Jul-26,REMOVED FOR ANONYMITY,REMOVED FOR ANONYMITY,6,A
23-Jul-26,REMOVED FOR ANONYMITY,REMOVED FOR ANONYMITY,10,A
23-Jul-26,REMOVED FOR ANONYMITY,REMOVED FOR ANONYMITY,12,A
23-Jul-26,REMOVED FOR ANONYMITY,REMOVED FOR ANONYMITY,12,A
23-Jul-26,REMOVED FOR ANONYMITY,REMOVED FOR ANONYMITY,12,A
REMOVED FOR ANONYMITY,,,,
REMOVED FOR ANONYMITY,,,,
24-Jul-26,REMOVED FOR ANONYMITY,REMOVED FOR ANONYMITY,6,A
24-Jul-26,REMOVED FOR ANONYMITY,REMOVED FOR ANONYMITY,6,A
24-Jul-26,REMOVED FOR ANONYMITY,REMOVED FOR ANONYMITY,4,A
24-Jul-26,REMOVED FOR ANONYMITY,REMOVED FOR ANONYMITY,3,A
24-Jul-26,REMOVED FOR ANONYMITY,REMOVED FOR ANONYMITY,6,A
24-Jul-26,REMOVED FOR ANONYMITY,REMOVED FOR ANONYMITY,1,A
REMOVED FOR ANONYMITY,,,,
REMOVED FOR ANONYMITY,,,,
24-Jul-26,REMOVED FOR ANONYMITY,REMOVED FOR ANONYMITY,6,C
24-Jul-26,REMOVED FOR ANONYMITY,REMOVED FOR ANONYMITY,6,C
24-Jul-26,REMOVED FOR ANONYMITY,REMOVED FOR ANONYMITY,6,C
REMOVED FOR ANONYMITY,,,,
REMOVED FOR ANONYMITY,,,,
24-Jul-26,REMOVED FOR ANONYMITY,REMOVED FOR ANONYMITY,6,A
24-Jul-26,REMOVED FOR ANONYMITY,REMOVED FOR ANONYMITY,6,A
24-Jul-26,REMOVED FOR ANONYMITY,REMOVED FOR ANONYMITY,3,A
24-Jul-26,REMOVED FOR ANONYMITY,REMOVED FOR ANONYMITY,12,A
24-Jul-26,REMOVED FOR ANONYMITY,REMOVED FOR ANONYMITY,12,A
24-Jul-26,REMOVED FOR ANONYMITY,REMOVED FOR ANONYMITY,9,A
24-Jul-26,REMOVED FOR ANONYMITY,REMOVED FOR ANONYMITY,12,A
24-Jul-26,REMOVED FOR ANONYMITY,REMOVED FOR ANONYMITY,3,A
REMOVED FOR ANONYMITY,,,,
REMOVED FOR ANONYMITY,,,,
24-Jul-26,REMOVED FOR ANONYMITY,REMOVED FOR ANONYMITY,6,A
24-Jul-26,REMOVED FOR ANONYMITY,REMOVED FOR ANONYMITY,6,A
24-Jul-26,REMOVED FOR ANONYMITY,REMOVED FOR ANONYMITY,6,A
24-Jul-26,REMOVED FOR ANONYMITY,REMOVED FOR ANONYMITY,6,A
REMOVED FOR ANONYMITY,,,,
REMOVED FOR ANONYMITY,,,,
24-Jul-26,REMOVED FOR ANONYMITY,REMOVED FOR ANONYMITY,6,A
24-Jul-26,REMOVED FOR ANONYMITY,REMOVED FOR ANONYMITY,6,A
24-Jul-26,REMOVED FOR ANONYMITY,REMOVED FOR ANONYMITY,6,A
24-Jul-26,REMOVED FOR ANONYMITY,REMOVED FOR ANONYMITY,6,A
REMOVED FOR ANONYMITY,,,,
REMOVED FOR ANONYMITY,,,,
23-Jan-26,REMOVED FOR ANONYMITY,REMOVED FOR ANONYMITY,12,B
23-Jan-26,REMOVED FOR ANONYMITY,REMOVED FOR ANONYMITY,18,B
23-Jan-26,REMOVED FOR ANONYMITY,REMOVED FOR ANONYMITY,6,B
23-Jan-26,REMOVED FOR ANONYMITY,REMOVED FOR ANONYMITY,18,B
23-Jan-26,REMOVED FOR ANONYMITY,REMOVED FOR ANONYMITY,18,B
23-Jan-26,REMOVED FOR ANONYMITY,REMOVED FOR ANONYMITY,6,B
23-Jan-26,REMOVED FOR ANONYMITY,REMOVED FOR ANONYMITY,18,B
23-Jan-26,REMOVED FOR ANONYMITY,REMOVED FOR ANONYMITY,18,B
23-Jan-26,REMOVED FOR ANONYMITY,REMOVED FOR ANONYMITY,6,B
23-Jan-26,REMOVED FOR ANONYMITY,REMOVED FOR ANONYMITY,6,B
23-Jan-26,REMOVED FOR ANONYMITY,REMOVED FOR ANONYMITY,6,B
23-Jan-26,REMOVED FOR ANONYMITY,REMOVED FOR ANONYMITY,18,B
23-Jan-26,REMOVED FOR ANONYMITY,REMOVED FOR ANONYMITY,6,B
23-Jan-26,REMOVED FOR ANONYMITY,REMOVED FOR ANONYMITY,12,B
23-Jan-26,REMOVED FOR ANONYMITY,REMOVED FOR ANONYMITY,18,B
23-Jan-26,REMOVED FOR ANONYMITY,REMOVED FOR ANONYMITY,18,B
23-Jan-26,REMOVED FOR ANONYMITY,REMOVED FOR ANONYMITY,18,B
23-Jan-26,REMOVED FOR ANONYMITY,REMOVED FOR ANONYMITY,18,B
23-Jan-26,REMOVED FOR ANONYMITY,REMOVED FOR ANONYMITY,15,B
23-Jan-26,REMOVED FOR ANONYMITY,REMOVED FOR ANONYMITY,18,B
23-Jan-26,REMOVED FOR ANONYMITY,REMOVED FOR ANONYMITY,6,B
23-Jan-26,REMOVED FOR ANONYMITY,REMOVED FOR ANONYMITY,6,B
23-Jan-26,REMOVED FOR ANONYMITY,REMOVED FOR ANONYMITY,18,B
23-Jan-26,REMOVED FOR ANONYMITY,REMOVED FOR ANONYMITY,18,B
23-Jan-26,REMOVED FOR ANONYMITY,REMOVED FOR ANONYMITY,18,B
23-Jan-26,REMOVED FOR ANONYMITY,REMOVED FOR ANONYMITY,18,B
23-Jan-26,REMOVED FOR ANONYMITY,REMOVED FOR ANONYMITY,6,B
23-Jan-26,REMOVED FOR ANONYMITY,REMOVED FOR ANONYMITY,6,B
23-Jan-26,REMOVED FOR ANONYMITY,REMOVED FOR ANONYMITY,6,B
23-Jan-26,REMOVED FOR ANONYMITY,REMOVED FOR ANONYMITY,6,B
23-Jan-26,REMOVED FOR ANONYMITY,REMOVED FOR ANONYMITY,18,B
23-Jan-26,REMOVED FOR ANONYMITY,REMOVED FOR ANONYMITY,18,B
23-Jan-26,REMOVED FOR ANONYMITY,REMOVED FOR ANONYMITY,18,B
23-Jan-26,REMOVED FOR ANONYMITY,REMOVED FOR ANONYMITY,18,B
23-Jan-26,REMOVED FOR ANONYMITY,REMOVED FOR ANONYMITY,12,B
23-Jan-26,REMOVED FOR ANONYMITY,REMOVED FOR ANONYMITY,6,B
23-Jan-26,REMOVED FOR ANONYMITY,REMOVED FOR ANONYMITY,6,B
23-Jan-26,REMOVED FOR ANONYMITY,REMOVED FOR ANONYMITY,12,B
23-Jan-26,REMOVED FOR ANONYMITY,REMOVED FOR ANONYMITY,12,B
23-Jan-26,REMOVED FOR ANONYMITY,REMOVED FOR ANONYMITY,17,B
23-Jan-26,REMOVED FOR ANONYMITY,REMOVED FOR ANONYMITY,6,B
23-Jan-26,REMOVED FOR ANONYMITY,REMOVED FOR ANONYMITY,6,B
REMOVED FOR ANONYMITY,,,,
,,,,
Total,,,,
